tenant,leaseEnds,currentHome,suggested,suggestedAddress,numberOfSameFeatures,sameFeatures
Jack Taylor,2026-11-30,PROP022,PROP037,"102 Station St, Docklands",5,"[Air Conditioning, Off-street Parking, Near Train Station, Secure Entry, Reception Area]"
Jack Taylor,2026-11-30,PROP022,PROP021,"148 Queen St, Docklands",4,"[Air Conditioning, Off-street Parking, Near Train Station, Secure Entry]"
Mia Murphy,2026-11-30,PROP018,PROP003,"88 Glebe Point Rd, Glebe",3,"[Swimming Pool, Furnished, Fibre Internet]"
Mia Murphy,2026-11-30,PROP018,PROP017,"61 Darling St, Bondi Beach",2,"[Balcony, Fibre Internet]"
Mia Murphy,2026-11-30,PROP018,PROP034,"17/54 Bay St, Newtown",2,"[Swimming Pool, Fibre Internet]"
Oliver Clarke,2026-10-31,PROP012,PROP037,"102 Station St, Docklands",4,"[Air Conditioning, Off-street Parking, Loading Dock, Reception Area]"
Oliver Clarke,2026-10-31,PROP012,PROP021,"148 Queen St, Docklands",3,"[Air Conditioning, Off-street Parking, Fibre Internet]"
Ruby Smith,2026-10-31,PROP015,PROP003,"88 Glebe Point Rd, Glebe",2,"[Built-in Wardrobes, Fibre Internet]"
Ruby Smith,2026-10-31,PROP015,PROP017,"61 Darling St, Bondi Beach",2,"[Built-in Wardrobes, Fibre Internet]"
Ruby Smith,2026-10-31,PROP015,PROP034,"17/54 Bay St, Newtown",2,"[Built-in Wardrobes, Fibre Internet]"
Tran Gurung,2026-11-30,PROP011,PROP037,"102 Station St, Docklands",3,"[Air Conditioning, Near Train Station, Loading Dock]"
Tran Gurung,2026-11-30,PROP011,PROP021,"148 Queen St, Docklands",2,"[Air Conditioning, Near Train Station]"
Zoe Hall,2026-12-31,PROP010,PROP003,"88 Glebe Point Rd, Glebe",4,"[Swimming Pool, Built-in Wardrobes, Secure Entry, Fibre Internet]"
Zoe Hall,2026-12-31,PROP010,PROP034,"17/54 Bay St, Newtown",4,"[Swimming Pool, Built-in Wardrobes, Near Train Station, Fibre Internet]"
Zoe Hall,2026-12-31,PROP010,PROP017,"61 Darling St, Bondi Beach",3,"[Pet Friendly, Built-in Wardrobes, Fibre Internet]"