LeaseID,PropertyID,TenantID,StartDate,EndDate,WeeklyRent,BondAmount,LeaseStatus
LEASE001,PROP001,TEN001,2025-09-01,2026-08-31,550.00,2200.00,active
LEASE002,PROP002,TEN002,2025-07-01,2026-06-30,1200.00,4800.00,expired
LEASE003,PROP005,TEN003,2026-01-01,2026-12-31,750.00,3000.00,active
LEASE004,PROP007,TEN004,2026-03-01,2027-02-28,900.00,3600.00,active
LEASE005,PROP001,TEN005,2024-08-01,2025-07-31,520.00,2080.00,expired
LEASE006,PROP006,TEN006,2026-06-01,2027-05-31,480.00,1920.00,active
LEASE007,PROP013,TEN045,2023-02-01,2024-01-31,2760.00,11040.00,expired
LEASE008,PROP022,TEN038,2023-04-01,2023-09-30,2090.00,8360.00,expired
LEASE009,PROP009,TEN032,2023-05-01,2024-04-30,760.00,3040.00,expired
LEASE010,PROP021,TEN013,2023-05-01,2024-04-30,1010.00,4040.00,expired
LEASE011,PROP035,TEN016,2023-05-01,2025-04-30,500.00,2000.00,expired
LEASE012,PROP036,TEN029,2023-05-01,2023-10-31,910.00,3640.00,expired
LEASE013,PROP040,TEN015,2023-06-01,2024-05-31,1580.00,6320.00,expired
LEASE014,PROP025,TEN044,2023-08-01,2024-07-31,700.00,2800.00,expired
LEASE015,PROP018,TEN027,2023-09-01,2025-08-31,700.00,2800.00,expired
LEASE016,PROP030,TEN028,2023-09-01,2024-08-31,660.00,2640.00,expired
LEASE017,PROP011,TEN025,2023-12-01,2024-11-30,1190.00,4760.00,expired
LEASE018,PROP022,TEN035,2023-12-01,2025-11-30,2090.00,8360.00,expired
LEASE019,PROP036,TEN023,2023-12-01,2025-11-30,910.00,3640.00,expired
LEASE020,PROP019,TEN012,2024-01-01,2024-06-30,670.00,2680.00,expired
LEASE021,PROP015,TEN047,2024-02-01,2025-01-31,500.00,2000.00,expired
LEASE022,PROP029,TEN021,2024-02-01,2024-07-31,420.00,1680.00,expired
LEASE023,PROP033,TEN010,2024-02-01,2025-01-31,400.00,1600.00,expired
LEASE024,PROP013,TEN034,2024-03-01,2024-08-31,2760.00,11040.00,expired
LEASE025,PROP017,TEN017,2024-03-01,2024-08-31,910.00,3640.00,expired
LEASE026,PROP038,TEN026,2024-03-01,2026-02-28,740.00,2960.00,expired
LEASE027,PROP020,TEN049,2024-04-01,2025-03-31,360.00,1440.00,terminated
LEASE028,PROP009,TEN020,2024-06-01,2025-05-31,760.00,3040.00,expired
LEASE029,PROP002,TEN037,2024-07-01,2025-06-30,1150.00,4600.00,expired
LEASE030,PROP019,TEN011,2024-07-01,2024-12-31,670.00,2680.00,expired
LEASE031,PROP040,TEN018,2024-07-01,2025-06-30,1580.00,6320.00,expired
LEASE032,PROP021,TEN041,2024-08-01,2025-01-31,1010.00,4040.00,expired
LEASE033,PROP025,TEN043,2024-08-01,2026-07-31,700.00,2800.00,expired
LEASE034,PROP026,TEN040,2024-08-01,2025-01-31,730.00,2920.00,expired
LEASE035,PROP037,TEN046,2024-08-01,2025-07-31,1930.00,7720.00,expired
LEASE036,PROP029,TEN036,2024-09-01,2026-08-31,420.00,1680.00,expired
LEASE037,PROP032,TEN031,2024-09-01,2025-08-31,420.00,1680.00,expired
LEASE038,PROP034,TEN033,2024-09-01,2025-02-28,590.00,2360.00,expired
LEASE039,PROP013,TEN030,2024-10-01,2025-09-30,2760.00,11040.00,expired
LEASE040,PROP017,TEN014,2024-10-01,2025-09-30,910.00,3640.00,expired
LEASE041,PROP008,TEN050,2024-11-01,2025-10-31,1550.00,6200.00,expired
LEASE042,PROP012,TEN008,2024-11-01,2026-10-31,1470.00,5880.00,active
LEASE043,PROP030,TEN024,2024-11-01,2025-10-31,660.00,2640.00,expired
LEASE044,PROP039,TEN009,2024-11-01,2025-04-30,1580.00,6320.00,expired
LEASE045,PROP005,TEN039,2024-12-01,2025-11-30,720.00,2880.00,expired
LEASE046,PROP011,TEN048,2024-12-01,2026-11-30,1190.00,4760.00,active
LEASE047,PROP014,TEN007,2025-01-01,2025-12-31,760.00,3040.00,expired
LEASE048,PROP007,TEN019,2025-02-01,2026-01-31,860.00,3440.00,expired
LEASE049,PROP024,TEN042,2025-02-01,2025-07-31,590.00,2360.00,expired
LEASE050,PROP026,TEN011,2025-02-01,2026-01-31,730.00,2920.00,expired
LEASE051,PROP033,TEN022,2025-02-01,2026-01-31,400.00,1600.00,terminated
LEASE052,PROP003,TEN032,2025-03-01,2026-02-28,650.00,2600.00,expired
LEASE053,PROP019,TEN029,2025-03-01,2026-02-28,670.00,2680.00,expired
LEASE054,PROP020,TEN004,2025-04-01,2025-09-30,360.00,1440.00,expired
LEASE055,PROP034,TEN015,2025-04-01,2025-09-30,590.00,2360.00,expired
LEASE056,PROP015,TEN033,2025-05-01,2026-04-30,500.00,2000.00,expired
LEASE057,PROP035,TEN010,2025-05-01,2027-04-30,500.00,2000.00,active
LEASE058,PROP009,TEN049,2025-06-01,2026-05-31,760.00,3040.00,expired
LEASE059,PROP010,TEN040,2025-06-01,2026-05-31,760.00,3040.00,expired
LEASE060,PROP027,TEN012,2025-06-01,2026-05-31,770.00,3080.00,expired
LEASE061,PROP028,TEN017,2025-07-01,2026-06-30,1310.00,5240.00,expired
LEASE062,PROP031,TEN013,2025-07-01,2026-06-30,380.00,1520.00,expired
LEASE063,PROP039,TEN047,2025-07-01,2026-06-30,1580.00,6320.00,terminated
LEASE064,PROP040,TEN009,2025-07-01,2027-06-30,1580.00,6320.00,active
LEASE065,PROP023,TEN038,2025-08-01,2027-07-31,740.00,2960.00,active
LEASE066,PROP024,TEN025,2025-09-01,2026-08-31,590.00,2360.00,expired
LEASE067,PROP037,TEN046,2025-09-01,2026-08-31,1930.00,7720.00,expired
LEASE068,PROP017,TEN037,2025-10-01,2026-09-30,910.00,3640.00,expired
LEASE069,PROP013,TEN042,2025-11-01,2027-10-31,2760.00,11040.00,active
LEASE070,PROP016,TEN045,2025-11-01,2027-10-31,700.00,2800.00,active
LEASE071,PROP020,TEN005,2025-11-01,2026-04-30,360.00,1440.00,expired
LEASE072,PROP008,TEN050,2025-12-01,2027-11-30,1550.00,6200.00,active
LEASE073,PROP018,TEN020,2025-12-01,2026-11-30,700.00,2800.00,active
LEASE074,PROP022,TEN041,2025-12-01,2026-11-30,2090.00,8360.00,active
LEASE075,PROP030,TEN016,2025-12-01,2026-11-30,660.00,2640.00,active
LEASE076,PROP032,TEN024,2025-12-01,2027-11-30,420.00,1680.00,active
LEASE077,PROP036,TEN027,2026-01-01,2027-12-31,910.00,3640.00,active
LEASE078,PROP014,TEN007,2026-02-01,2027-01-31,760.00,3040.00,active
LEASE079,PROP019,TEN019,2026-03-01,2027-02-28,670.00,2680.00,active
LEASE080,PROP026,TEN021,2026-03-01,2027-02-28,730.00,2920.00,active
LEASE081,PROP033,TEN023,2026-03-01,2028-02-29,400.00,1600.00,active
LEASE082,PROP038,TEN030,2026-04-01,2026-09-30,740.00,2960.00,expired
LEASE083,PROP015,TEN014,2026-05-01,2026-10-31,500.00,2000.00,active
LEASE084,PROP020,TEN044,2026-05-01,2027-04-30,360.00,1440.00,active
LEASE085,PROP010,TEN018,2026-07-01,2026-12-31,760.00,3040.00,active
LEASE086,PROP028,TEN049,2026-07-01,2027-06-30,1310.00,5240.00,active
LEASE087,PROP031,TEN028,2026-07-01,2027-06-30,380.00,1520.00,active
LEASE088,PROP027,TEN002,2026-08-01,2027-07-31,770.00,3080.00,active
LEASE089,PROP009,TEN047,2026-09-01,2027-08-31,760.00,3040.00,active
LEASE090,PROP024,TEN034,2026-09-01,2027-08-31,590.00,2360.00,active
LEASE091,PROP029,TEN031,2026-09-01,2028-08-31,420.00,1680.00,active
