PropertyID,FeatureID
PROP001,FEAT01
PROP001,FEAT02
PROP001,FEAT03
PROP001,FEAT05
PROP001,FEAT12
PROP002,FEAT01
PROP002,FEAT02
PROP002,FEAT10
PROP002,FEAT13
PROP002,FEAT14
PROP002,FEAT15
PROP003,FEAT04
PROP003,FEAT07
PROP003,FEAT09
PROP003,FEAT12
PROP003,FEAT15
PROP004,FEAT01
PROP004,FEAT02
PROP004,FEAT10
PROP004,FEAT12
PROP004,FEAT13
PROP004,FEAT15
PROP005,FEAT02
PROP005,FEAT03
PROP005,FEAT04
PROP005,FEAT09
PROP005,FEAT11
PROP005,FEAT12
PROP005,FEAT15
PROP006,FEAT02
PROP006,FEAT07
PROP006,FEAT08
PROP006,FEAT09
PROP006,FEAT10
PROP006,FEAT12
PROP007,FEAT01
PROP007,FEAT03
PROP007,FEAT05
PROP007,FEAT15
PROP008,FEAT01
PROP008,FEAT10
PROP008,FEAT15
PROP009,FEAT01
PROP009,FEAT02
PROP009,FEAT04
PROP009,FEAT05
PROP009,FEAT07
PROP009,FEAT08
PROP009,FEAT10
PROP010,FEAT04
PROP010,FEAT06
PROP010,FEAT09
PROP010,FEAT10
PROP010,FEAT12
PROP010,FEAT15
PROP011,FEAT01
PROP011,FEAT10
PROP011,FEAT13
PROP012,FEAT01
PROP012,FEAT02
PROP012,FEAT13
PROP012,FEAT14
PROP012,FEAT15
PROP013,FEAT10
PROP013,FEAT12
PROP013,FEAT13
PROP013,FEAT14
PROP013,FEAT15
PROP014,FEAT01
PROP014,FEAT04
PROP014,FEAT08
PROP014,FEAT15
PROP015,FEAT02
PROP015,FEAT05
PROP015,FEAT09
PROP015,FEAT15
PROP016,FEAT01
PROP016,FEAT02
PROP016,FEAT05
PROP016,FEAT08
PROP016,FEAT09
PROP017,FEAT03
PROP017,FEAT06
PROP017,FEAT09
PROP017,FEAT11
PROP017,FEAT15
PROP018,FEAT03
PROP018,FEAT04
PROP018,FEAT05
PROP018,FEAT07
PROP018,FEAT08
PROP018,FEAT15
PROP019,FEAT01
PROP019,FEAT03
PROP019,FEAT06
PROP019,FEAT09
PROP019,FEAT10
PROP020,FEAT04
PROP020,FEAT05
PROP020,FEAT09
PROP020,FEAT12
PROP020,FEAT15
PROP021,FEAT01
PROP021,FEAT02
PROP021,FEAT10
PROP021,FEAT12
PROP021,FEAT15
PROP022,FEAT01
PROP022,FEAT02
PROP022,FEAT10
PROP022,FEAT12
PROP022,FEAT14
PROP023,FEAT05
PROP023,FEAT06
PROP023,FEAT10
PROP023,FEAT11
PROP023,FEAT15
PROP024,FEAT01
PROP024,FEAT04
PROP024,FEAT05
PROP024,FEAT07
PROP024,FEAT08
PROP024,FEAT10
PROP024,FEAT11
PROP025,FEAT02
PROP025,FEAT07
PROP025,FEAT08
PROP026,FEAT04
PROP026,FEAT05
PROP026,FEAT10
PROP026,FEAT11
PROP027,FEAT02
PROP027,FEAT03
PROP027,FEAT06
PROP027,FEAT07
PROP027,FEAT10
PROP027,FEAT12
PROP027,FEAT15
PROP028,FEAT01
PROP028,FEAT02
PROP028,FEAT10
PROP028,FEAT14
PROP028,FEAT15
PROP029,FEAT01
PROP029,FEAT04
PROP029,FEAT07
PROP029,FEAT08
PROP029,FEAT09
PROP029,FEAT10
PROP030,FEAT04
PROP030,FEAT05
PROP030,FEAT08
PROP030,FEAT12
PROP030,FEAT15
PROP031,FEAT03
PROP031,FEAT04
PROP031,FEAT05
PROP031,FEAT08
PROP031,FEAT15
PROP032,FEAT04
PROP032,FEAT11
PROP032,FEAT12
PROP032,FEAT15
PROP033,FEAT02
PROP033,FEAT03
PROP033,FEAT04
PROP033,FEAT05
PROP033,FEAT07
PROP033,FEAT08
PROP034,FEAT04
PROP034,FEAT09
PROP034,FEAT10
PROP034,FEAT15
PROP035,FEAT03
PROP035,FEAT04
PROP035,FEAT09
PROP035,FEAT15
PROP036,FEAT02
PROP036,FEAT03
PROP036,FEAT06
PROP036,FEAT09
PROP036,FEAT11
PROP036,FEAT15
PROP037,FEAT01
PROP037,FEAT02
PROP037,FEAT10
PROP037,FEAT12
PROP037,FEAT13
PROP037,FEAT14
PROP038,FEAT03
PROP038,FEAT04
PROP038,FEAT07
PROP038,FEAT09
PROP038,FEAT11
PROP038,FEAT12
PROP039,FEAT02
PROP039,FEAT10
PROP039,FEAT12
PROP039,FEAT13
PROP040,FEAT01
PROP040,FEAT10
PROP040,FEAT12
PROP040,FEAT13
PROP040,FEAT14
PROP040,FEAT15
