PaymentID,LeaseID,PaymentDate,Amount,PaymentMethod,PaymentStatus
PAY0001,LEASE001,2025-09-07,550.00,bank_transfer,paid
PAY0002,LEASE001,2025-10-07,550.00,bank_transfer,paid
PAY0003,LEASE001,2025-11-07,550.00,bank_transfer,paid
PAY0004,LEASE001,2025-12-07,550.00,bank_transfer,paid
PAY0005,LEASE001,2026-01-07,550.00,bank_transfer,paid
PAY0006,LEASE001,2026-02-07,550.00,bank_transfer,paid
PAY0007,LEASE003,2026-01-07,750.00,bank_transfer,paid
PAY0008,LEASE003,2026-02-07,750.00,cash,paid
PAY0009,LEASE003,2026-03-07,750.00,bank_transfer,paid
PAY0010,LEASE004,2026-03-07,900.00,cheque,paid
PAY0011,LEASE004,2026-04-07,900.00,cheque,paid
PAY0012,LEASE004,2026-05-07,900.00,bank_transfer,overdue
PAY0013,LEASE006,2026-06-07,480.00,bank_transfer,paid
PAY0014,LEASE006,2026-07-07,480.00,bank_transfer,paid
PAY0015,LEASE006,2026-08-07,480.00,bank_transfer,pending
PAY0016,LEASE007,2023-02-07,2760.00,bank_transfer,paid
PAY0017,LEASE007,2023-03-07,2760.00,bank_transfer,paid
PAY0018,LEASE007,2023-04-07,2760.00,cash,paid
PAY0019,LEASE007,2023-05-07,2760.00,bank_transfer,paid
PAY0020,LEASE007,2023-06-07,2760.00,bank_transfer,paid
PAY0021,LEASE007,2023-07-07,2760.00,bank_transfer,paid
PAY0022,LEASE007,2023-08-07,2760.00,bank_transfer,paid
PAY0023,LEASE007,2023-09-07,2760.00,cash,paid
PAY0024,LEASE007,2023-10-07,2760.00,bank_transfer,paid
PAY0025,LEASE007,2023-11-07,2760.00,cheque,paid
PAY0026,LEASE007,2023-12-07,2760.00,cheque,paid
PAY0027,LEASE007,2024-01-07,2760.00,bank_transfer,paid
PAY0028,LEASE008,2023-04-07,2090.00,cash,paid
PAY0029,LEASE008,2023-05-07,2090.00,cash,paid
PAY0030,LEASE008,2023-06-07,2090.00,cash,paid
PAY0031,LEASE008,2023-07-07,2090.00,cash,paid
PAY0032,LEASE008,2023-08-07,2090.00,cash,paid
PAY0033,LEASE008,2023-09-07,2090.00,cash,paid
PAY0034,LEASE009,2023-05-07,760.00,bank_transfer,paid
PAY0035,LEASE009,2023-06-07,760.00,cash,paid
PAY0036,LEASE009,2023-07-07,760.00,cheque,paid
PAY0037,LEASE009,2023-08-07,760.00,bank_transfer,paid
PAY0038,LEASE009,2023-09-07,760.00,bank_transfer,paid
PAY0039,LEASE009,2023-10-07,760.00,bank_transfer,paid
PAY0040,LEASE009,2023-11-07,760.00,bank_transfer,paid
PAY0041,LEASE009,2023-12-07,760.00,bank_transfer,paid
PAY0042,LEASE009,2024-01-07,760.00,bank_transfer,paid
PAY0043,LEASE009,2024-02-07,760.00,bank_transfer,paid
PAY0044,LEASE009,2024-03-07,760.00,bank_transfer,paid
PAY0045,LEASE009,2024-04-07,760.00,bank_transfer,paid
PAY0046,LEASE010,2023-05-07,1010.00,bank_transfer,paid
PAY0047,LEASE010,2023-06-07,1010.00,bank_transfer,paid
PAY0048,LEASE010,2023-07-07,1010.00,bank_transfer,paid
PAY0049,LEASE010,2023-08-07,1010.00,cheque,paid
PAY0050,LEASE010,2023-09-07,1010.00,bank_transfer,paid
PAY0051,LEASE010,2023-10-07,1010.00,bank_transfer,paid
PAY0052,LEASE010,2023-11-07,1010.00,bank_transfer,paid
PAY0053,LEASE010,2023-12-07,1010.00,bank_transfer,paid
PAY0054,LEASE010,2024-01-07,1010.00,bank_transfer,paid
PAY0055,LEASE010,2024-02-07,1010.00,bank_transfer,paid
PAY0056,LEASE010,2024-03-07,1010.00,bank_transfer,paid
PAY0057,LEASE010,2024-04-07,1010.00,bank_transfer,paid
PAY0058,LEASE011,2023-05-07,500.00,bank_transfer,paid
PAY0059,LEASE011,2023-06-07,500.00,bank_transfer,paid
PAY0060,LEASE011,2023-07-07,500.00,bank_transfer,paid
PAY0061,LEASE011,2023-08-07,500.00,bank_transfer,paid
PAY0062,LEASE011,2023-09-07,500.00,bank_transfer,paid
PAY0063,LEASE011,2023-10-07,500.00,bank_transfer,paid
PAY0064,LEASE011,2023-11-07,500.00,bank_transfer,paid
PAY0065,LEASE011,2023-12-07,500.00,bank_transfer,paid
PAY0066,LEASE011,2024-01-07,500.00,bank_transfer,paid
PAY0067,LEASE011,2024-02-07,500.00,bank_transfer,paid
PAY0068,LEASE011,2024-03-07,500.00,bank_transfer,paid
PAY0069,LEASE011,2024-04-07,500.00,bank_transfer,paid
PAY0070,LEASE011,2024-05-07,500.00,bank_transfer,paid
PAY0071,LEASE011,2024-06-07,500.00,bank_transfer,paid
PAY0072,LEASE011,2024-07-07,500.00,bank_transfer,paid
PAY0073,LEASE011,2024-08-07,500.00,bank_transfer,paid
PAY0074,LEASE011,2024-09-07,500.00,bank_transfer,paid
PAY0075,LEASE011,2024-10-07,500.00,bank_transfer,paid
PAY0076,LEASE011,2024-11-07,500.00,cheque,paid
PAY0077,LEASE011,2024-12-07,500.00,bank_transfer,paid
PAY0078,LEASE011,2025-01-07,500.00,bank_transfer,paid
PAY0079,LEASE011,2025-02-07,500.00,bank_transfer,paid
PAY0080,LEASE011,2025-03-07,500.00,bank_transfer,paid
PAY0081,LEASE011,2025-04-07,500.00,bank_transfer,paid
PAY0082,LEASE012,2023-05-07,910.00,bank_transfer,paid
PAY0083,LEASE012,2023-06-07,910.00,cheque,paid
PAY0084,LEASE012,2023-07-07,910.00,bank_transfer,paid
PAY0085,LEASE012,2023-08-07,910.00,bank_transfer,paid
PAY0086,LEASE012,2023-09-07,910.00,cheque,paid
PAY0087,LEASE012,2023-10-07,910.00,bank_transfer,paid
PAY0088,LEASE013,2023-06-07,1580.00,bank_transfer,paid
PAY0089,LEASE013,2023-07-07,1580.00,bank_transfer,paid
PAY0090,LEASE013,2023-08-07,1580.00,bank_transfer,paid
PAY0091,LEASE013,2023-09-07,1580.00,bank_transfer,paid
PAY0092,LEASE013,2023-10-07,1580.00,bank_transfer,paid
PAY0093,LEASE013,2023-11-07,1580.00,bank_transfer,paid
PAY0094,LEASE013,2023-12-07,1580.00,cash,paid
PAY0095,LEASE013,2024-01-07,1580.00,bank_transfer,paid
PAY0096,LEASE013,2024-02-07,1580.00,bank_transfer,paid
PAY0097,LEASE013,2024-03-07,1580.00,bank_transfer,paid
PAY0098,LEASE013,2024-04-07,1580.00,bank_transfer,paid
PAY0099,LEASE013,2024-05-07,1580.00,bank_transfer,paid
PAY0100,LEASE014,2023-08-07,700.00,bank_transfer,paid
PAY0101,LEASE014,2023-09-07,700.00,bank_transfer,paid
PAY0102,LEASE014,2023-10-07,700.00,bank_transfer,paid
PAY0103,LEASE014,2023-11-07,700.00,cheque,paid
PAY0104,LEASE014,2023-12-07,700.00,bank_transfer,overdue
PAY0105,LEASE014,2024-01-07,700.00,bank_transfer,paid
PAY0106,LEASE014,2024-02-07,700.00,bank_transfer,overdue
PAY0107,LEASE014,2024-03-07,700.00,bank_transfer,paid
PAY0108,LEASE014,2024-04-07,700.00,bank_transfer,paid
PAY0109,LEASE014,2024-05-07,700.00,bank_transfer,paid
PAY0110,LEASE014,2024-06-07,700.00,bank_transfer,paid
PAY0111,LEASE014,2024-07-07,700.00,bank_transfer,paid
PAY0112,LEASE015,2023-09-07,700.00,bank_transfer,overdue
PAY0113,LEASE015,2023-10-07,700.00,bank_transfer,overdue
PAY0114,LEASE015,2023-11-07,700.00,bank_transfer,paid
PAY0115,LEASE015,2023-12-07,700.00,bank_transfer,paid
PAY0116,LEASE015,2024-01-07,700.00,bank_transfer,paid
PAY0117,LEASE015,2024-02-07,700.00,bank_transfer,paid
PAY0118,LEASE015,2024-03-07,700.00,bank_transfer,paid
PAY0119,LEASE015,2024-04-07,700.00,bank_transfer,paid
PAY0120,LEASE015,2024-05-07,700.00,bank_transfer,paid
PAY0121,LEASE015,2024-06-07,700.00,cheque,paid
PAY0122,LEASE015,2024-07-07,700.00,bank_transfer,paid
PAY0123,LEASE015,2024-08-07,700.00,bank_transfer,paid
PAY0124,LEASE015,2024-09-07,700.00,bank_transfer,paid
PAY0125,LEASE015,2024-10-07,700.00,bank_transfer,overdue
PAY0126,LEASE015,2024-11-07,700.00,cheque,paid
PAY0127,LEASE015,2024-12-07,700.00,bank_transfer,paid
PAY0128,LEASE015,2025-01-07,700.00,bank_transfer,paid
PAY0129,LEASE015,2025-02-07,700.00,bank_transfer,overdue
PAY0130,LEASE015,2025-03-07,700.00,bank_transfer,paid
PAY0131,LEASE015,2025-04-07,700.00,bank_transfer,overdue
PAY0132,LEASE015,2025-05-07,700.00,bank_transfer,paid
PAY0133,LEASE015,2025-06-07,700.00,bank_transfer,paid
PAY0134,LEASE015,2025-07-07,700.00,bank_transfer,paid
PAY0135,LEASE015,2025-08-07,700.00,bank_transfer,overdue
PAY0136,LEASE016,2023-09-07,660.00,bank_transfer,paid
PAY0137,LEASE016,2023-10-07,660.00,bank_transfer,paid
PAY0138,LEASE016,2023-11-07,660.00,bank_transfer,paid
PAY0139,LEASE016,2023-12-07,660.00,bank_transfer,paid
PAY0140,LEASE016,2024-01-07,660.00,bank_transfer,paid
PAY0141,LEASE016,2024-02-07,660.00,cash,paid
PAY0142,LEASE016,2024-03-07,660.00,cash,paid
PAY0143,LEASE016,2024-04-07,660.00,bank_transfer,paid
PAY0144,LEASE016,2024-05-07,660.00,bank_transfer,paid
PAY0145,LEASE016,2024-06-07,660.00,cash,paid
PAY0146,LEASE016,2024-07-07,660.00,bank_transfer,paid
PAY0147,LEASE016,2024-08-07,660.00,bank_transfer,paid
PAY0148,LEASE017,2023-12-07,1190.00,bank_transfer,paid
PAY0149,LEASE017,2024-01-07,1190.00,bank_transfer,paid
PAY0150,LEASE017,2024-02-07,1190.00,bank_transfer,paid
PAY0151,LEASE017,2024-03-07,1190.00,bank_transfer,paid
PAY0152,LEASE017,2024-04-07,1190.00,bank_transfer,paid
PAY0153,LEASE017,2024-05-07,1190.00,bank_transfer,paid
PAY0154,LEASE017,2024-06-07,1190.00,bank_transfer,paid
PAY0155,LEASE017,2024-07-07,1190.00,bank_transfer,paid
PAY0156,LEASE017,2024-08-07,1190.00,bank_transfer,paid
PAY0157,LEASE017,2024-09-07,1190.00,bank_transfer,paid
PAY0158,LEASE017,2024-10-07,1190.00,bank_transfer,paid
PAY0159,LEASE017,2024-11-07,1190.00,bank_transfer,paid
PAY0160,LEASE018,2023-12-07,2090.00,bank_transfer,paid
PAY0161,LEASE018,2024-01-07,2090.00,bank_transfer,paid
PAY0162,LEASE018,2024-02-07,2090.00,cash,paid
PAY0163,LEASE018,2024-03-07,2090.00,bank_transfer,paid
PAY0164,LEASE018,2024-04-07,2090.00,cash,paid
PAY0165,LEASE018,2024-05-07,2090.00,bank_transfer,paid
PAY0166,LEASE018,2024-06-07,2090.00,bank_transfer,paid
PAY0167,LEASE018,2024-07-07,2090.00,bank_transfer,paid
PAY0168,LEASE018,2024-08-07,2090.00,bank_transfer,paid
PAY0169,LEASE018,2024-09-07,2090.00,bank_transfer,paid
PAY0170,LEASE018,2024-10-07,2090.00,cash,paid
PAY0171,LEASE018,2024-11-07,2090.00,bank_transfer,paid
PAY0172,LEASE018,2024-12-07,2090.00,cash,paid
PAY0173,LEASE018,2025-01-07,2090.00,bank_transfer,paid
PAY0174,LEASE018,2025-02-07,2090.00,bank_transfer,paid
PAY0175,LEASE018,2025-03-07,2090.00,bank_transfer,paid
PAY0176,LEASE018,2025-04-07,2090.00,bank_transfer,paid
PAY0177,LEASE018,2025-05-07,2090.00,bank_transfer,paid
PAY0178,LEASE018,2025-06-07,2090.00,cash,paid
PAY0179,LEASE018,2025-07-07,2090.00,bank_transfer,paid
PAY0180,LEASE018,2025-08-07,2090.00,bank_transfer,paid
PAY0181,LEASE018,2025-09-07,2090.00,bank_transfer,paid
PAY0182,LEASE018,2025-10-07,2090.00,bank_transfer,paid
PAY0183,LEASE018,2025-11-07,2090.00,bank_transfer,paid
PAY0184,LEASE019,2023-12-07,910.00,cash,paid
PAY0185,LEASE019,2024-01-07,910.00,cash,paid
PAY0186,LEASE019,2024-02-07,910.00,cheque,paid
PAY0187,LEASE019,2024-03-07,910.00,cash,paid
PAY0188,LEASE019,2024-04-07,910.00,cash,paid
PAY0189,LEASE019,2024-05-07,910.00,cash,paid
PAY0190,LEASE019,2024-06-07,910.00,cash,paid
PAY0191,LEASE019,2024-07-07,910.00,cash,paid
PAY0192,LEASE019,2024-08-07,910.00,cash,paid
PAY0193,LEASE019,2024-09-07,910.00,cash,paid
PAY0194,LEASE019,2024-10-07,910.00,cash,paid
PAY0195,LEASE019,2024-11-07,910.00,cash,paid
PAY0196,LEASE019,2024-12-07,910.00,cash,paid
PAY0197,LEASE019,2025-01-07,910.00,cash,paid
PAY0198,LEASE019,2025-02-07,910.00,cash,paid
PAY0199,LEASE019,2025-03-07,910.00,cash,paid
PAY0200,LEASE019,2025-04-07,910.00,cash,paid
PAY0201,LEASE019,2025-05-07,910.00,cash,paid
PAY0202,LEASE019,2025-06-07,910.00,cash,paid
PAY0203,LEASE019,2025-07-07,910.00,cash,paid
PAY0204,LEASE019,2025-08-07,910.00,cash,paid
PAY0205,LEASE019,2025-09-07,910.00,cash,paid
PAY0206,LEASE019,2025-10-07,910.00,cheque,paid
PAY0207,LEASE019,2025-11-07,910.00,cheque,paid
PAY0208,LEASE020,2024-01-07,670.00,bank_transfer,overdue
PAY0209,LEASE020,2024-02-07,670.00,cheque,paid
PAY0210,LEASE020,2024-03-07,670.00,bank_transfer,paid
PAY0211,LEASE020,2024-04-07,670.00,bank_transfer,paid
PAY0212,LEASE020,2024-05-07,670.00,bank_transfer,paid
PAY0213,LEASE020,2024-06-07,670.00,bank_transfer,paid
PAY0214,LEASE021,2024-02-07,500.00,bank_transfer,paid
PAY0215,LEASE021,2024-03-07,500.00,bank_transfer,paid
PAY0216,LEASE021,2024-04-07,500.00,bank_transfer,paid
PAY0217,LEASE021,2024-05-07,500.00,bank_transfer,paid
PAY0218,LEASE021,2024-06-07,500.00,bank_transfer,paid
PAY0219,LEASE021,2024-07-07,500.00,bank_transfer,paid
PAY0220,LEASE021,2024-08-07,500.00,bank_transfer,paid
PAY0221,LEASE021,2024-09-07,500.00,bank_transfer,paid
PAY0222,LEASE021,2024-10-07,500.00,bank_transfer,paid
PAY0223,LEASE021,2024-11-07,500.00,bank_transfer,paid
PAY0224,LEASE021,2024-12-07,500.00,bank_transfer,paid
PAY0225,LEASE021,2025-01-07,500.00,bank_transfer,paid
PAY0226,LEASE022,2024-02-07,420.00,cheque,paid
PAY0227,LEASE022,2024-03-07,420.00,cheque,paid
PAY0228,LEASE022,2024-04-07,420.00,cheque,paid
PAY0229,LEASE022,2024-05-07,420.00,cheque,paid
PAY0230,LEASE022,2024-06-07,420.00,cheque,paid
PAY0231,LEASE022,2024-07-07,420.00,cheque,paid
PAY0232,LEASE023,2024-02-07,400.00,bank_transfer,paid
PAY0233,LEASE023,2024-03-07,400.00,bank_transfer,paid
PAY0234,LEASE023,2024-04-07,400.00,bank_transfer,paid
PAY0235,LEASE023,2024-05-07,400.00,bank_transfer,paid
PAY0236,LEASE023,2024-06-07,400.00,bank_transfer,paid
PAY0237,LEASE023,2024-07-07,400.00,bank_transfer,paid
PAY0238,LEASE023,2024-08-07,400.00,bank_transfer,paid
PAY0239,LEASE023,2024-09-07,400.00,bank_transfer,paid
PAY0240,LEASE023,2024-10-07,400.00,bank_transfer,paid
PAY0241,LEASE023,2024-11-07,400.00,bank_transfer,paid
PAY0242,LEASE023,2024-12-07,400.00,cheque,paid
PAY0243,LEASE023,2025-01-07,400.00,bank_transfer,paid
PAY0244,LEASE024,2024-03-07,2760.00,bank_transfer,paid
PAY0245,LEASE024,2024-04-07,2760.00,bank_transfer,paid
PAY0246,LEASE024,2024-05-07,2760.00,bank_transfer,paid
PAY0247,LEASE024,2024-06-07,2760.00,bank_transfer,paid
PAY0248,LEASE024,2024-07-07,2760.00,bank_transfer,paid
PAY0249,LEASE024,2024-08-07,2760.00,bank_transfer,paid
PAY0250,LEASE025,2024-03-07,910.00,bank_transfer,paid
PAY0251,LEASE025,2024-04-07,910.00,bank_transfer,paid
PAY0252,LEASE025,2024-05-07,910.00,bank_transfer,paid
PAY0253,LEASE025,2024-06-07,910.00,bank_transfer,paid
PAY0254,LEASE025,2024-07-07,910.00,bank_transfer,paid
PAY0255,LEASE025,2024-08-07,910.00,bank_transfer,paid
PAY0256,LEASE026,2024-03-07,740.00,bank_transfer,paid
PAY0257,LEASE026,2024-04-07,740.00,bank_transfer,paid
PAY0258,LEASE026,2024-05-07,740.00,bank_transfer,paid
PAY0259,LEASE026,2024-06-07,740.00,bank_transfer,paid
PAY0260,LEASE026,2024-07-07,740.00,bank_transfer,paid
PAY0261,LEASE026,2024-08-07,740.00,bank_transfer,paid
PAY0262,LEASE026,2024-09-07,740.00,bank_transfer,paid
PAY0263,LEASE026,2024-10-07,740.00,bank_transfer,paid
PAY0264,LEASE026,2024-11-07,740.00,bank_transfer,paid
PAY0265,LEASE026,2024-12-07,740.00,bank_transfer,paid
PAY0266,LEASE026,2025-01-07,740.00,cash,paid
PAY0267,LEASE026,2025-02-07,740.00,bank_transfer,paid
PAY0268,LEASE026,2025-03-07,740.00,bank_transfer,paid
PAY0269,LEASE026,2025-04-07,740.00,cash,paid
PAY0270,LEASE026,2025-05-07,740.00,bank_transfer,paid
PAY0271,LEASE026,2025-06-07,740.00,bank_transfer,paid
PAY0272,LEASE026,2025-07-07,740.00,bank_transfer,paid
PAY0273,LEASE026,2025-08-07,740.00,bank_transfer,paid
PAY0274,LEASE026,2025-09-07,740.00,bank_transfer,paid
PAY0275,LEASE026,2025-10-07,740.00,bank_transfer,paid
PAY0276,LEASE026,2025-11-07,740.00,bank_transfer,paid
PAY0277,LEASE026,2025-12-07,740.00,bank_transfer,paid
PAY0278,LEASE026,2026-01-07,740.00,bank_transfer,paid
PAY0279,LEASE026,2026-02-07,740.00,bank_transfer,paid
PAY0280,LEASE027,2024-04-07,360.00,bank_transfer,paid
PAY0281,LEASE027,2024-05-07,360.00,bank_transfer,paid
PAY0282,LEASE027,2024-06-07,360.00,bank_transfer,paid
PAY0283,LEASE027,2024-07-07,360.00,bank_transfer,paid
PAY0284,LEASE028,2024-06-07,760.00,bank_transfer,paid
PAY0285,LEASE028,2024-07-07,760.00,bank_transfer,paid
PAY0286,LEASE028,2024-08-07,760.00,bank_transfer,paid
PAY0287,LEASE028,2024-09-07,760.00,bank_transfer,paid
PAY0288,LEASE028,2024-10-07,760.00,cheque,paid
PAY0289,LEASE028,2024-11-07,760.00,bank_transfer,paid
PAY0290,LEASE028,2024-12-07,760.00,bank_transfer,paid
PAY0291,LEASE028,2025-01-07,760.00,bank_transfer,paid
PAY0292,LEASE028,2025-02-07,760.00,bank_transfer,paid
PAY0293,LEASE028,2025-03-07,760.00,bank_transfer,paid
PAY0294,LEASE028,2025-04-07,760.00,bank_transfer,paid
PAY0295,LEASE028,2025-05-07,760.00,bank_transfer,paid
PAY0296,LEASE029,2024-07-07,1150.00,bank_transfer,paid
PAY0297,LEASE029,2024-08-07,1150.00,bank_transfer,paid
PAY0298,LEASE029,2024-09-07,1150.00,bank_transfer,paid
PAY0299,LEASE029,2024-10-07,1150.00,bank_transfer,paid
PAY0300,LEASE029,2024-11-07,1150.00,bank_transfer,paid
PAY0301,LEASE029,2024-12-07,1150.00,bank_transfer,paid
PAY0302,LEASE029,2025-01-07,1150.00,bank_transfer,paid
PAY0303,LEASE029,2025-02-07,1150.00,bank_transfer,paid
PAY0304,LEASE029,2025-03-07,1150.00,cash,paid
PAY0305,LEASE029,2025-04-07,1150.00,bank_transfer,paid
PAY0306,LEASE029,2025-05-07,1150.00,bank_transfer,paid
PAY0307,LEASE029,2025-06-07,1150.00,bank_transfer,paid
PAY0308,LEASE030,2024-07-07,670.00,cash,paid
PAY0309,LEASE030,2024-08-07,670.00,cash,paid
PAY0310,LEASE030,2024-09-07,670.00,cash,paid
PAY0311,LEASE030,2024-10-07,670.00,cash,paid
PAY0312,LEASE030,2024-11-07,670.00,cash,paid
PAY0313,LEASE030,2024-12-07,670.00,cash,paid
PAY0314,LEASE031,2024-07-07,1580.00,bank_transfer,paid
PAY0315,LEASE031,2024-08-07,1580.00,bank_transfer,paid
PAY0316,LEASE031,2024-09-07,1580.00,bank_transfer,paid
PAY0317,LEASE031,2024-10-07,1580.00,bank_transfer,paid
PAY0318,LEASE031,2024-11-07,1580.00,bank_transfer,paid
PAY0319,LEASE031,2024-12-07,1580.00,bank_transfer,paid
PAY0320,LEASE031,2025-01-07,1580.00,bank_transfer,paid
PAY0321,LEASE031,2025-02-07,1580.00,bank_transfer,paid
PAY0322,LEASE031,2025-03-07,1580.00,bank_transfer,paid
PAY0323,LEASE031,2025-04-07,1580.00,bank_transfer,paid
PAY0324,LEASE031,2025-05-07,1580.00,bank_transfer,paid
PAY0325,LEASE031,2025-06-07,1580.00,bank_transfer,paid
PAY0326,LEASE032,2024-08-07,1010.00,bank_transfer,paid
PAY0327,LEASE032,2024-09-07,1010.00,bank_transfer,paid
PAY0328,LEASE032,2024-10-07,1010.00,bank_transfer,paid
PAY0329,LEASE032,2024-11-07,1010.00,bank_transfer,paid
PAY0330,LEASE032,2024-12-07,1010.00,bank_transfer,paid
PAY0331,LEASE032,2025-01-07,1010.00,bank_transfer,paid
PAY0332,LEASE033,2024-08-07,700.00,cheque,paid
PAY0333,LEASE033,2024-09-07,700.00,cheque,paid
PAY0334,LEASE033,2024-10-07,700.00,cheque,paid
PAY0335,LEASE033,2024-11-07,700.00,cheque,paid
PAY0336,LEASE033,2024-12-07,700.00,bank_transfer,overdue
PAY0337,LEASE033,2025-01-07,700.00,cheque,paid
PAY0338,LEASE033,2025-02-07,700.00,cheque,paid
PAY0339,LEASE033,2025-03-07,700.00,cheque,paid
PAY0340,LEASE033,2025-04-07,700.00,cheque,paid
PAY0341,LEASE033,2025-05-07,700.00,cheque,paid
PAY0342,LEASE033,2025-06-07,700.00,cheque,paid
PAY0343,LEASE033,2025-07-07,700.00,cheque,overdue
PAY0344,LEASE033,2025-08-07,700.00,cheque,paid
PAY0345,LEASE033,2025-09-07,700.00,cash,paid
PAY0346,LEASE033,2025-10-07,700.00,cash,paid
PAY0347,LEASE033,2025-11-07,700.00,cash,paid
PAY0348,LEASE033,2025-12-07,700.00,cheque,overdue
PAY0349,LEASE033,2026-01-07,700.00,cheque,paid
PAY0350,LEASE033,2026-02-07,700.00,cheque,paid
PAY0351,LEASE033,2026-03-07,700.00,cheque,paid
PAY0352,LEASE033,2026-04-07,700.00,cheque,paid
PAY0353,LEASE033,2026-05-07,700.00,cheque,paid
PAY0354,LEASE033,2026-06-07,700.00,cheque,paid
PAY0355,LEASE033,2026-07-07,700.00,cheque,overdue
PAY0356,LEASE034,2024-08-07,730.00,cash,paid
PAY0357,LEASE034,2024-09-07,730.00,cash,paid
PAY0358,LEASE034,2024-10-07,730.00,cash,paid
PAY0359,LEASE034,2024-11-07,730.00,cash,paid
PAY0360,LEASE034,2024-12-07,730.00,cash,paid
PAY0361,LEASE034,2025-01-07,730.00,cash,paid
PAY0362,LEASE035,2024-08-07,1930.00,bank_transfer,paid
PAY0363,LEASE035,2024-09-07,1930.00,bank_transfer,paid
PAY0364,LEASE035,2024-10-07,1930.00,bank_transfer,paid
PAY0365,LEASE035,2024-11-07,1930.00,bank_transfer,paid
PAY0366,LEASE035,2024-12-07,1930.00,bank_transfer,paid
PAY0367,LEASE035,2025-01-07,1930.00,bank_transfer,paid
PAY0368,LEASE035,2025-02-07,1930.00,bank_transfer,paid
PAY0369,LEASE035,2025-03-07,1930.00,bank_transfer,paid
PAY0370,LEASE035,2025-04-07,1930.00,bank_transfer,paid
PAY0371,LEASE035,2025-05-07,1930.00,bank_transfer,paid
PAY0372,LEASE035,2025-06-07,1930.00,cheque,paid
PAY0373,LEASE035,2025-07-07,1930.00,bank_transfer,paid
PAY0374,LEASE036,2024-09-07,420.00,bank_transfer,paid
PAY0375,LEASE036,2024-10-07,420.00,bank_transfer,paid
PAY0376,LEASE036,2024-11-07,420.00,bank_transfer,paid
PAY0377,LEASE036,2024-12-07,420.00,bank_transfer,paid
PAY0378,LEASE036,2025-01-07,420.00,bank_transfer,paid
PAY0379,LEASE036,2025-02-07,420.00,bank_transfer,paid
PAY0380,LEASE036,2025-03-07,420.00,bank_transfer,paid
PAY0381,LEASE036,2025-04-07,420.00,bank_transfer,paid
PAY0382,LEASE036,2025-05-07,420.00,bank_transfer,paid
PAY0383,LEASE036,2025-06-07,420.00,bank_transfer,paid
PAY0384,LEASE036,2025-07-07,420.00,bank_transfer,paid
PAY0385,LEASE036,2025-08-07,420.00,bank_transfer,paid
PAY0386,LEASE036,2025-09-07,420.00,bank_transfer,paid
PAY0387,LEASE036,2025-10-07,420.00,bank_transfer,paid
PAY0388,LEASE036,2025-11-07,420.00,bank_transfer,paid
PAY0389,LEASE036,2025-12-07,420.00,bank_transfer,paid
PAY0390,LEASE036,2026-01-07,420.00,bank_transfer,paid
PAY0391,LEASE036,2026-02-07,420.00,bank_transfer,paid
PAY0392,LEASE036,2026-03-07,420.00,bank_transfer,paid
PAY0393,LEASE036,2026-04-07,420.00,bank_transfer,paid
PAY0394,LEASE036,2026-05-07,420.00,bank_transfer,paid
PAY0395,LEASE036,2026-06-07,420.00,bank_transfer,paid
PAY0396,LEASE036,2026-07-07,420.00,bank_transfer,paid
PAY0397,LEASE036,2026-08-07,420.00,bank_transfer,paid
PAY0398,LEASE037,2024-09-07,420.00,bank_transfer,paid
PAY0399,LEASE037,2024-10-07,420.00,bank_transfer,paid
PAY0400,LEASE037,2024-11-07,420.00,bank_transfer,paid
PAY0401,LEASE037,2024-12-07,420.00,bank_transfer,paid
PAY0402,LEASE037,2025-01-07,420.00,bank_transfer,paid
PAY0403,LEASE037,2025-02-07,420.00,bank_transfer,paid
PAY0404,LEASE037,2025-03-07,420.00,bank_transfer,paid
PAY0405,LEASE037,2025-04-07,420.00,bank_transfer,paid
PAY0406,LEASE037,2025-05-07,420.00,bank_transfer,paid
PAY0407,LEASE037,2025-06-07,420.00,bank_transfer,paid
PAY0408,LEASE037,2025-07-07,420.00,bank_transfer,paid
PAY0409,LEASE037,2025-08-07,420.00,bank_transfer,paid
PAY0410,LEASE038,2024-09-07,590.00,bank_transfer,paid
PAY0411,LEASE038,2024-10-07,590.00,bank_transfer,paid
PAY0412,LEASE038,2024-11-07,590.00,bank_transfer,paid
PAY0413,LEASE038,2024-12-07,590.00,bank_transfer,paid
PAY0414,LEASE038,2025-01-07,590.00,bank_transfer,paid
PAY0415,LEASE038,2025-02-07,590.00,bank_transfer,paid
PAY0416,LEASE039,2024-10-07,2760.00,bank_transfer,paid
PAY0417,LEASE039,2024-11-07,2760.00,bank_transfer,paid
PAY0418,LEASE039,2024-12-07,2760.00,cheque,paid
PAY0419,LEASE039,2025-01-07,2760.00,bank_transfer,paid
PAY0420,LEASE039,2025-02-07,2760.00,bank_transfer,paid
PAY0421,LEASE039,2025-03-07,2760.00,bank_transfer,paid
PAY0422,LEASE039,2025-04-07,2760.00,bank_transfer,paid
PAY0423,LEASE039,2025-05-07,2760.00,bank_transfer,paid
PAY0424,LEASE039,2025-06-07,2760.00,bank_transfer,paid
PAY0425,LEASE039,2025-07-07,2760.00,bank_transfer,paid
PAY0426,LEASE039,2025-08-07,2760.00,bank_transfer,paid
PAY0427,LEASE039,2025-09-07,2760.00,bank_transfer,paid
PAY0428,LEASE040,2024-10-07,910.00,cheque,paid
PAY0429,LEASE040,2024-11-07,910.00,bank_transfer,paid
PAY0430,LEASE040,2024-12-07,910.00,bank_transfer,paid
PAY0431,LEASE040,2025-01-07,910.00,cheque,paid
PAY0432,LEASE040,2025-02-07,910.00,bank_transfer,paid
PAY0433,LEASE040,2025-03-07,910.00,bank_transfer,paid
PAY0434,LEASE040,2025-04-07,910.00,bank_transfer,paid
PAY0435,LEASE040,2025-05-07,910.00,bank_transfer,paid
PAY0436,LEASE040,2025-06-07,910.00,bank_transfer,paid
PAY0437,LEASE040,2025-07-07,910.00,bank_transfer,paid
PAY0438,LEASE040,2025-08-07,910.00,bank_transfer,paid
PAY0439,LEASE040,2025-09-07,910.00,bank_transfer,paid
PAY0440,LEASE041,2024-11-07,1550.00,cash,paid
PAY0441,LEASE041,2024-12-07,1550.00,cash,paid
PAY0442,LEASE041,2025-01-07,1550.00,cash,paid
PAY0443,LEASE041,2025-02-07,1550.00,cheque,paid
PAY0444,LEASE041,2025-03-07,1550.00,cash,paid
PAY0445,LEASE041,2025-04-07,1550.00,cash,paid
PAY0446,LEASE041,2025-05-07,1550.00,cash,paid
PAY0447,LEASE041,2025-06-07,1550.00,cash,paid
PAY0448,LEASE041,2025-07-07,1550.00,cash,paid
PAY0449,LEASE041,2025-08-07,1550.00,cheque,paid
PAY0450,LEASE041,2025-09-07,1550.00,cash,paid
PAY0451,LEASE041,2025-10-07,1550.00,cash,paid
PAY0452,LEASE042,2024-11-07,1470.00,bank_transfer,paid
PAY0453,LEASE042,2024-12-07,1470.00,bank_transfer,paid
PAY0454,LEASE042,2025-01-07,1470.00,bank_transfer,paid
PAY0455,LEASE042,2025-02-07,1470.00,bank_transfer,paid
PAY0456,LEASE042,2025-03-07,1470.00,bank_transfer,paid
PAY0457,LEASE042,2025-04-07,1470.00,bank_transfer,paid
PAY0458,LEASE042,2025-05-07,1470.00,bank_transfer,paid
PAY0459,LEASE042,2025-06-07,1470.00,cash,paid
PAY0460,LEASE042,2025-07-07,1470.00,cash,paid
PAY0461,LEASE042,2025-08-07,1470.00,bank_transfer,paid
PAY0462,LEASE042,2025-09-07,1470.00,bank_transfer,paid
PAY0463,LEASE042,2025-10-07,1470.00,bank_transfer,paid
PAY0464,LEASE042,2025-11-07,1470.00,bank_transfer,paid
PAY0465,LEASE042,2025-12-07,1470.00,bank_transfer,paid
PAY0466,LEASE042,2026-01-07,1470.00,bank_transfer,paid
PAY0467,LEASE042,2026-02-07,1470.00,bank_transfer,paid
PAY0468,LEASE042,2026-03-07,1470.00,bank_transfer,paid
PAY0469,LEASE042,2026-04-07,1470.00,bank_transfer,paid
PAY0470,LEASE042,2026-05-07,1470.00,bank_transfer,paid
PAY0471,LEASE042,2026-06-07,1470.00,bank_transfer,paid
PAY0472,LEASE042,2026-07-07,1470.00,bank_transfer,paid
PAY0473,LEASE042,2026-08-07,1470.00,bank_transfer,paid
PAY0474,LEASE042,2026-09-07,1470.00,bank_transfer,pending
PAY0475,LEASE043,2024-11-07,660.00,bank_transfer,paid
PAY0476,LEASE043,2024-12-07,660.00,cash,paid
PAY0477,LEASE043,2025-01-07,660.00,cash,paid
PAY0478,LEASE043,2025-02-07,660.00,cash,paid
PAY0479,LEASE043,2025-03-07,660.00,bank_transfer,paid
PAY0480,LEASE043,2025-04-07,660.00,bank_transfer,paid
PAY0481,LEASE043,2025-05-07,660.00,bank_transfer,paid
PAY0482,LEASE043,2025-06-07,660.00,bank_transfer,paid
PAY0483,LEASE043,2025-07-07,660.00,bank_transfer,paid
PAY0484,LEASE043,2025-08-07,660.00,bank_transfer,paid
PAY0485,LEASE043,2025-09-07,660.00,bank_transfer,paid
PAY0486,LEASE043,2025-10-07,660.00,bank_transfer,paid
PAY0487,LEASE044,2024-11-07,1580.00,bank_transfer,paid
PAY0488,LEASE044,2024-12-07,1580.00,cheque,paid
PAY0489,LEASE044,2025-01-07,1580.00,bank_transfer,paid
PAY0490,LEASE044,2025-02-07,1580.00,bank_transfer,paid
PAY0491,LEASE044,2025-03-07,1580.00,bank_transfer,paid
PAY0492,LEASE044,2025-04-07,1580.00,bank_transfer,paid
PAY0493,LEASE045,2024-12-07,720.00,bank_transfer,paid
PAY0494,LEASE045,2025-01-07,720.00,bank_transfer,paid
PAY0495,LEASE045,2025-02-07,720.00,bank_transfer,paid
PAY0496,LEASE045,2025-03-07,720.00,bank_transfer,paid
PAY0497,LEASE045,2025-04-07,720.00,bank_transfer,paid
PAY0498,LEASE045,2025-05-07,720.00,bank_transfer,paid
PAY0499,LEASE045,2025-06-07,720.00,bank_transfer,paid
PAY0500,LEASE045,2025-07-07,720.00,bank_transfer,paid
PAY0501,LEASE045,2025-08-07,720.00,bank_transfer,paid
PAY0502,LEASE045,2025-09-07,720.00,bank_transfer,paid
PAY0503,LEASE045,2025-10-07,720.00,bank_transfer,paid
PAY0504,LEASE045,2025-11-07,720.00,bank_transfer,paid
PAY0505,LEASE046,2024-12-07,1190.00,bank_transfer,paid
PAY0506,LEASE046,2025-01-07,1190.00,bank_transfer,paid
PAY0507,LEASE046,2025-02-07,1190.00,bank_transfer,paid
PAY0508,LEASE046,2025-03-07,1190.00,bank_transfer,paid
PAY0509,LEASE046,2025-04-07,1190.00,bank_transfer,paid
PAY0510,LEASE046,2025-05-07,1190.00,bank_transfer,paid
PAY0511,LEASE046,2025-06-07,1190.00,bank_transfer,paid
PAY0512,LEASE046,2025-07-07,1190.00,bank_transfer,paid
PAY0513,LEASE046,2025-08-07,1190.00,bank_transfer,paid
PAY0514,LEASE046,2025-09-07,1190.00,cheque,paid
PAY0515,LEASE046,2025-10-07,1190.00,bank_transfer,paid
PAY0516,LEASE046,2025-11-07,1190.00,bank_transfer,paid
PAY0517,LEASE046,2025-12-07,1190.00,bank_transfer,paid
PAY0518,LEASE046,2026-01-07,1190.00,bank_transfer,paid
PAY0519,LEASE046,2026-02-07,1190.00,bank_transfer,paid
PAY0520,LEASE046,2026-03-07,1190.00,bank_transfer,paid
PAY0521,LEASE046,2026-04-07,1190.00,bank_transfer,paid
PAY0522,LEASE046,2026-05-07,1190.00,bank_transfer,paid
PAY0523,LEASE046,2026-06-07,1190.00,bank_transfer,paid
PAY0524,LEASE046,2026-07-07,1190.00,bank_transfer,paid
PAY0525,LEASE046,2026-08-07,1190.00,cheque,pending
PAY0526,LEASE046,2026-09-07,1190.00,bank_transfer,paid
PAY0527,LEASE047,2025-01-07,760.00,bank_transfer,paid
PAY0528,LEASE047,2025-02-07,760.00,bank_transfer,paid
PAY0529,LEASE047,2025-03-07,760.00,bank_transfer,overdue
PAY0530,LEASE047,2025-04-07,760.00,bank_transfer,paid
PAY0531,LEASE047,2025-05-07,760.00,bank_transfer,paid
PAY0532,LEASE047,2025-06-07,760.00,bank_transfer,paid
PAY0533,LEASE047,2025-07-07,760.00,cash,overdue
PAY0534,LEASE047,2025-08-07,760.00,bank_transfer,paid
PAY0535,LEASE047,2025-09-07,760.00,bank_transfer,overdue
PAY0536,LEASE047,2025-10-07,760.00,bank_transfer,paid
PAY0537,LEASE047,2025-11-07,760.00,bank_transfer,paid
PAY0538,LEASE047,2025-12-07,760.00,bank_transfer,overdue
PAY0539,LEASE048,2025-02-07,860.00,bank_transfer,paid
PAY0540,LEASE048,2025-03-07,860.00,bank_transfer,paid
PAY0541,LEASE048,2025-04-07,860.00,bank_transfer,paid
PAY0542,LEASE048,2025-05-07,860.00,bank_transfer,paid
PAY0543,LEASE048,2025-06-07,860.00,cash,paid
PAY0544,LEASE048,2025-07-07,860.00,bank_transfer,paid
PAY0545,LEASE048,2025-08-07,860.00,bank_transfer,paid
PAY0546,LEASE048,2025-09-07,860.00,bank_transfer,paid
PAY0547,LEASE048,2025-10-07,860.00,bank_transfer,paid
PAY0548,LEASE048,2025-11-07,860.00,bank_transfer,paid
PAY0549,LEASE048,2025-12-07,860.00,bank_transfer,paid
PAY0550,LEASE048,2026-01-07,860.00,bank_transfer,paid
PAY0551,LEASE049,2025-02-07,590.00,bank_transfer,paid
PAY0552,LEASE049,2025-03-07,590.00,bank_transfer,paid
PAY0553,LEASE049,2025-04-07,590.00,bank_transfer,paid
PAY0554,LEASE049,2025-05-07,590.00,cheque,paid
PAY0555,LEASE049,2025-06-07,590.00,bank_transfer,paid
PAY0556,LEASE049,2025-07-07,590.00,cash,paid
PAY0557,LEASE050,2025-02-07,730.00,cash,paid
PAY0558,LEASE050,2025-03-07,730.00,cash,paid
PAY0559,LEASE050,2025-04-07,730.00,bank_transfer,paid
PAY0560,LEASE050,2025-05-07,730.00,bank_transfer,paid
PAY0561,LEASE050,2025-06-07,730.00,cash,paid
PAY0562,LEASE050,2025-07-07,730.00,cash,paid
PAY0563,LEASE050,2025-08-07,730.00,cash,paid
PAY0564,LEASE050,2025-09-07,730.00,cheque,paid
PAY0565,LEASE050,2025-10-07,730.00,cash,paid
PAY0566,LEASE050,2025-11-07,730.00,cash,paid
PAY0567,LEASE050,2025-12-07,730.00,cash,paid
PAY0568,LEASE050,2026-01-07,730.00,cash,paid
PAY0569,LEASE051,2025-02-07,400.00,cash,paid
PAY0570,LEASE051,2025-03-07,400.00,bank_transfer,paid
PAY0571,LEASE051,2025-04-07,400.00,bank_transfer,paid
PAY0572,LEASE052,2025-03-07,650.00,bank_transfer,paid
PAY0573,LEASE052,2025-04-07,650.00,bank_transfer,paid
PAY0574,LEASE052,2025-05-07,650.00,cash,paid
PAY0575,LEASE052,2025-06-07,650.00,bank_transfer,paid
PAY0576,LEASE052,2025-07-07,650.00,bank_transfer,paid
PAY0577,LEASE052,2025-08-07,650.00,bank_transfer,paid
PAY0578,LEASE052,2025-09-07,650.00,cheque,paid
PAY0579,LEASE052,2025-10-07,650.00,bank_transfer,paid
PAY0580,LEASE052,2025-11-07,650.00,bank_transfer,paid
PAY0581,LEASE052,2025-12-07,650.00,bank_transfer,paid
PAY0582,LEASE052,2026-01-07,650.00,bank_transfer,paid
PAY0583,LEASE052,2026-02-07,650.00,cash,paid
PAY0584,LEASE053,2025-03-07,670.00,bank_transfer,paid
PAY0585,LEASE053,2025-04-07,670.00,bank_transfer,paid
PAY0586,LEASE053,2025-05-07,670.00,bank_transfer,paid
PAY0587,LEASE053,2025-06-07,670.00,bank_transfer,paid
PAY0588,LEASE053,2025-07-07,670.00,bank_transfer,paid
PAY0589,LEASE053,2025-08-07,670.00,cash,paid
PAY0590,LEASE053,2025-09-07,670.00,bank_transfer,paid
PAY0591,LEASE053,2025-10-07,670.00,bank_transfer,paid
PAY0592,LEASE053,2025-11-07,670.00,bank_transfer,paid
PAY0593,LEASE053,2025-12-07,670.00,bank_transfer,paid
PAY0594,LEASE053,2026-01-07,670.00,cash,paid
PAY0595,LEASE053,2026-02-07,670.00,bank_transfer,paid
PAY0596,LEASE054,2025-04-07,360.00,bank_transfer,paid
PAY0597,LEASE054,2025-05-07,360.00,bank_transfer,paid
PAY0598,LEASE054,2025-06-07,360.00,bank_transfer,paid
PAY0599,LEASE054,2025-07-07,360.00,bank_transfer,paid
PAY0600,LEASE054,2025-08-07,360.00,bank_transfer,paid
PAY0601,LEASE054,2025-09-07,360.00,bank_transfer,paid
PAY0602,LEASE055,2025-04-07,590.00,bank_transfer,paid
PAY0603,LEASE055,2025-05-07,590.00,bank_transfer,paid
PAY0604,LEASE055,2025-06-07,590.00,bank_transfer,paid
PAY0605,LEASE055,2025-07-07,590.00,bank_transfer,paid
PAY0606,LEASE055,2025-08-07,590.00,bank_transfer,paid
PAY0607,LEASE055,2025-09-07,590.00,bank_transfer,paid
PAY0608,LEASE056,2025-05-07,500.00,bank_transfer,paid
PAY0609,LEASE056,2025-06-07,500.00,bank_transfer,paid
PAY0610,LEASE056,2025-07-07,500.00,bank_transfer,paid
PAY0611,LEASE056,2025-08-07,500.00,bank_transfer,paid
PAY0612,LEASE056,2025-09-07,500.00,bank_transfer,paid
PAY0613,LEASE056,2025-10-07,500.00,bank_transfer,paid
PAY0614,LEASE056,2025-11-07,500.00,bank_transfer,paid
PAY0615,LEASE056,2025-12-07,500.00,bank_transfer,paid
PAY0616,LEASE056,2026-01-07,500.00,bank_transfer,paid
PAY0617,LEASE056,2026-02-07,500.00,cheque,paid
PAY0618,LEASE056,2026-03-07,500.00,bank_transfer,paid
PAY0619,LEASE056,2026-04-07,500.00,bank_transfer,paid
PAY0620,LEASE057,2025-05-07,500.00,bank_transfer,paid
PAY0621,LEASE057,2025-06-07,500.00,bank_transfer,paid
PAY0622,LEASE057,2025-07-07,500.00,bank_transfer,paid
PAY0623,LEASE057,2025-08-07,500.00,bank_transfer,paid
PAY0624,LEASE057,2025-09-07,500.00,bank_transfer,paid
PAY0625,LEASE057,2025-10-07,500.00,bank_transfer,paid
PAY0626,LEASE057,2025-11-07,500.00,bank_transfer,paid
PAY0627,LEASE057,2025-12-07,500.00,bank_transfer,paid
PAY0628,LEASE057,2026-01-07,500.00,bank_transfer,paid
PAY0629,LEASE057,2026-02-07,500.00,bank_transfer,paid
PAY0630,LEASE057,2026-03-07,500.00,cheque,paid
PAY0631,LEASE057,2026-04-07,500.00,bank_transfer,paid
PAY0632,LEASE057,2026-05-07,500.00,bank_transfer,paid
PAY0633,LEASE057,2026-06-07,500.00,bank_transfer,paid
PAY0634,LEASE057,2026-07-07,500.00,bank_transfer,paid
PAY0635,LEASE057,2026-08-07,500.00,bank_transfer,paid
PAY0636,LEASE057,2026-09-07,500.00,bank_transfer,pending
PAY0637,LEASE058,2025-06-07,760.00,bank_transfer,paid
PAY0638,LEASE058,2025-07-07,760.00,bank_transfer,paid
PAY0639,LEASE058,2025-08-07,760.00,cheque,paid
PAY0640,LEASE058,2025-09-07,760.00,bank_transfer,paid
PAY0641,LEASE058,2025-10-07,760.00,bank_transfer,paid
PAY0642,LEASE058,2025-11-07,760.00,bank_transfer,paid
PAY0643,LEASE058,2025-12-07,760.00,bank_transfer,paid
PAY0644,LEASE058,2026-01-07,760.00,bank_transfer,paid
PAY0645,LEASE058,2026-02-07,760.00,bank_transfer,paid
PAY0646,LEASE058,2026-03-07,760.00,bank_transfer,paid
PAY0647,LEASE058,2026-04-07,760.00,bank_transfer,paid
PAY0648,LEASE058,2026-05-07,760.00,bank_transfer,paid
PAY0649,LEASE059,2025-06-07,760.00,cash,paid
PAY0650,LEASE059,2025-07-07,760.00,cash,paid
PAY0651,LEASE059,2025-08-07,760.00,cash,paid
PAY0652,LEASE059,2025-09-07,760.00,cash,paid
PAY0653,LEASE059,2025-10-07,760.00,cash,paid
PAY0654,LEASE059,2025-11-07,760.00,cash,paid
PAY0655,LEASE059,2025-12-07,760.00,cash,paid
PAY0656,LEASE059,2026-01-07,760.00,cash,paid
PAY0657,LEASE059,2026-02-07,760.00,cash,paid
PAY0658,LEASE059,2026-03-07,760.00,cash,paid
PAY0659,LEASE059,2026-04-07,760.00,cash,paid
PAY0660,LEASE059,2026-05-07,760.00,bank_transfer,paid
PAY0661,LEASE060,2025-06-07,770.00,bank_transfer,overdue
PAY0662,LEASE060,2025-07-07,770.00,bank_transfer,paid
PAY0663,LEASE060,2025-08-07,770.00,bank_transfer,paid
PAY0664,LEASE060,2025-09-07,770.00,bank_transfer,paid
PAY0665,LEASE060,2025-10-07,770.00,bank_transfer,paid
PAY0666,LEASE060,2025-11-07,770.00,bank_transfer,paid
PAY0667,LEASE060,2025-12-07,770.00,bank_transfer,paid
PAY0668,LEASE060,2026-01-07,770.00,bank_transfer,paid
PAY0669,LEASE060,2026-02-07,770.00,bank_transfer,paid
PAY0670,LEASE060,2026-03-07,770.00,bank_transfer,paid
PAY0671,LEASE060,2026-04-07,770.00,bank_transfer,paid
PAY0672,LEASE060,2026-05-07,770.00,bank_transfer,paid
PAY0673,LEASE061,2025-07-07,1310.00,cash,paid
PAY0674,LEASE061,2025-08-07,1310.00,bank_transfer,paid
PAY0675,LEASE061,2025-09-07,1310.00,cheque,paid
PAY0676,LEASE061,2025-10-07,1310.00,bank_transfer,paid
PAY0677,LEASE061,2025-11-07,1310.00,bank_transfer,paid
PAY0678,LEASE061,2025-12-07,1310.00,bank_transfer,paid
PAY0679,LEASE061,2026-01-07,1310.00,bank_transfer,paid
PAY0680,LEASE061,2026-02-07,1310.00,bank_transfer,paid
PAY0681,LEASE061,2026-03-07,1310.00,bank_transfer,paid
PAY0682,LEASE061,2026-04-07,1310.00,bank_transfer,paid
PAY0683,LEASE061,2026-05-07,1310.00,bank_transfer,paid
PAY0684,LEASE061,2026-06-07,1310.00,bank_transfer,paid
PAY0685,LEASE062,2025-07-07,380.00,bank_transfer,paid
PAY0686,LEASE062,2025-08-07,380.00,bank_transfer,paid
PAY0687,LEASE062,2025-09-07,380.00,bank_transfer,paid
PAY0688,LEASE062,2025-10-07,380.00,bank_transfer,paid
PAY0689,LEASE062,2025-11-07,380.00,bank_transfer,paid
PAY0690,LEASE062,2025-12-07,380.00,bank_transfer,paid
PAY0691,LEASE062,2026-01-07,380.00,bank_transfer,paid
PAY0692,LEASE062,2026-02-07,380.00,bank_transfer,paid
PAY0693,LEASE062,2026-03-07,380.00,bank_transfer,paid
PAY0694,LEASE062,2026-04-07,380.00,bank_transfer,paid
PAY0695,LEASE062,2026-05-07,380.00,bank_transfer,paid
PAY0696,LEASE062,2026-06-07,380.00,bank_transfer,paid
PAY0697,LEASE063,2025-07-07,1580.00,bank_transfer,paid
PAY0698,LEASE063,2025-08-07,1580.00,bank_transfer,paid
PAY0699,LEASE063,2025-09-07,1580.00,bank_transfer,paid
PAY0700,LEASE063,2025-10-07,1580.00,bank_transfer,paid
PAY0701,LEASE063,2025-11-07,1580.00,bank_transfer,paid
PAY0702,LEASE064,2025-07-07,1580.00,bank_transfer,paid
PAY0703,LEASE064,2025-08-07,1580.00,cheque,paid
PAY0704,LEASE064,2025-09-07,1580.00,bank_transfer,paid
PAY0705,LEASE064,2025-10-07,1580.00,bank_transfer,paid
PAY0706,LEASE064,2025-11-07,1580.00,bank_transfer,paid
PAY0707,LEASE064,2025-12-07,1580.00,bank_transfer,paid
PAY0708,LEASE064,2026-01-07,1580.00,bank_transfer,paid
PAY0709,LEASE064,2026-02-07,1580.00,bank_transfer,paid
PAY0710,LEASE064,2026-03-07,1580.00,bank_transfer,paid
PAY0711,LEASE064,2026-04-07,1580.00,bank_transfer,paid
PAY0712,LEASE064,2026-05-07,1580.00,bank_transfer,paid
PAY0713,LEASE064,2026-06-07,1580.00,bank_transfer,paid
PAY0714,LEASE064,2026-07-07,1580.00,bank_transfer,paid
PAY0715,LEASE064,2026-08-07,1580.00,bank_transfer,paid
PAY0716,LEASE064,2026-09-07,1580.00,bank_transfer,pending
PAY0717,LEASE065,2025-08-07,740.00,cash,paid
PAY0718,LEASE065,2025-09-07,740.00,cash,paid
PAY0719,LEASE065,2025-10-07,740.00,cash,paid
PAY0720,LEASE065,2025-11-07,740.00,cash,paid
PAY0721,LEASE065,2025-12-07,740.00,cheque,paid
PAY0722,LEASE065,2026-01-07,740.00,cash,paid
PAY0723,LEASE065,2026-02-07,740.00,cash,paid
PAY0724,LEASE065,2026-03-07,740.00,cash,paid
PAY0725,LEASE065,2026-04-07,740.00,cash,paid
PAY0726,LEASE065,2026-05-07,740.00,cash,paid
PAY0727,LEASE065,2026-06-07,740.00,cash,paid
PAY0728,LEASE065,2026-07-07,740.00,bank_transfer,paid
PAY0729,LEASE065,2026-08-07,740.00,cash,paid
PAY0730,LEASE065,2026-09-07,740.00,cash,paid
PAY0731,LEASE066,2025-09-07,590.00,bank_transfer,paid
PAY0732,LEASE066,2025-10-07,590.00,bank_transfer,paid
PAY0733,LEASE066,2025-11-07,590.00,bank_transfer,paid
PAY0734,LEASE066,2025-12-07,590.00,cash,paid
PAY0735,LEASE066,2026-01-07,590.00,bank_transfer,paid
PAY0736,LEASE066,2026-02-07,590.00,bank_transfer,paid
PAY0737,LEASE066,2026-03-07,590.00,bank_transfer,paid
PAY0738,LEASE066,2026-04-07,590.00,bank_transfer,paid
PAY0739,LEASE066,2026-05-07,590.00,bank_transfer,paid
PAY0740,LEASE066,2026-06-07,590.00,bank_transfer,paid
PAY0741,LEASE066,2026-07-07,590.00,bank_transfer,paid
PAY0742,LEASE066,2026-08-07,590.00,bank_transfer,paid
PAY0743,LEASE067,2025-09-07,1930.00,bank_transfer,paid
PAY0744,LEASE067,2025-10-07,1930.00,bank_transfer,paid
PAY0745,LEASE067,2025-11-07,1930.00,bank_transfer,paid
PAY0746,LEASE067,2025-12-07,1930.00,bank_transfer,paid
PAY0747,LEASE067,2026-01-07,1930.00,bank_transfer,paid
PAY0748,LEASE067,2026-02-07,1930.00,bank_transfer,paid
PAY0749,LEASE067,2026-03-07,1930.00,bank_transfer,paid
PAY0750,LEASE067,2026-04-07,1930.00,bank_transfer,paid
PAY0751,LEASE067,2026-05-07,1930.00,cash,paid
PAY0752,LEASE067,2026-06-07,1930.00,bank_transfer,paid
PAY0753,LEASE067,2026-07-07,1930.00,bank_transfer,paid
PAY0754,LEASE067,2026-08-07,1930.00,bank_transfer,paid
PAY0755,LEASE068,2025-10-07,910.00,bank_transfer,paid
PAY0756,LEASE068,2025-11-07,910.00,cheque,paid
PAY0757,LEASE068,2025-12-07,910.00,bank_transfer,paid
PAY0758,LEASE068,2026-01-07,910.00,bank_transfer,paid
PAY0759,LEASE068,2026-02-07,910.00,bank_transfer,paid
PAY0760,LEASE068,2026-03-07,910.00,bank_transfer,paid
PAY0761,LEASE068,2026-04-07,910.00,cheque,paid
PAY0762,LEASE068,2026-05-07,910.00,bank_transfer,paid
PAY0763,LEASE068,2026-06-07,910.00,bank_transfer,paid
PAY0764,LEASE068,2026-07-07,910.00,cheque,paid
PAY0765,LEASE068,2026-08-07,910.00,bank_transfer,paid
PAY0766,LEASE068,2026-09-07,910.00,bank_transfer,paid
PAY0767,LEASE069,2025-11-07,2760.00,bank_transfer,paid
PAY0768,LEASE069,2025-12-07,2760.00,bank_transfer,paid
PAY0769,LEASE069,2026-01-07,2760.00,bank_transfer,paid
PAY0770,LEASE069,2026-02-07,2760.00,bank_transfer,paid
PAY0771,LEASE069,2026-03-07,2760.00,bank_transfer,paid
PAY0772,LEASE069,2026-04-07,2760.00,bank_transfer,paid
PAY0773,LEASE069,2026-05-07,2760.00,bank_transfer,paid
PAY0774,LEASE069,2026-06-07,2760.00,bank_transfer,paid
PAY0775,LEASE069,2026-07-07,2760.00,bank_transfer,paid
PAY0776,LEASE069,2026-08-07,2760.00,bank_transfer,paid
PAY0777,LEASE069,2026-09-07,2760.00,cheque,paid
PAY0778,LEASE070,2025-11-07,700.00,bank_transfer,paid
PAY0779,LEASE070,2025-12-07,700.00,bank_transfer,paid
PAY0780,LEASE070,2026-01-07,700.00,bank_transfer,paid
PAY0781,LEASE070,2026-02-07,700.00,bank_transfer,paid
PAY0782,LEASE070,2026-03-07,700.00,bank_transfer,paid
PAY0783,LEASE070,2026-04-07,700.00,bank_transfer,paid
PAY0784,LEASE070,2026-05-07,700.00,cheque,paid
PAY0785,LEASE070,2026-06-07,700.00,bank_transfer,paid
PAY0786,LEASE070,2026-07-07,700.00,bank_transfer,paid
PAY0787,LEASE070,2026-08-07,700.00,bank_transfer,paid
PAY0788,LEASE070,2026-09-07,700.00,bank_transfer,pending
PAY0789,LEASE071,2025-11-07,360.00,bank_transfer,paid
PAY0790,LEASE071,2025-12-07,360.00,bank_transfer,paid
PAY0791,LEASE071,2026-01-07,360.00,cash,paid
PAY0792,LEASE071,2026-02-07,360.00,bank_transfer,paid
PAY0793,LEASE071,2026-03-07,360.00,bank_transfer,paid
PAY0794,LEASE071,2026-04-07,360.00,bank_transfer,paid
PAY0795,LEASE072,2025-12-07,1550.00,cash,paid
PAY0796,LEASE072,2026-01-07,1550.00,cash,paid
PAY0797,LEASE072,2026-02-07,1550.00,cash,paid
PAY0798,LEASE072,2026-03-07,1550.00,bank_transfer,paid
PAY0799,LEASE072,2026-04-07,1550.00,cash,paid
PAY0800,LEASE072,2026-05-07,1550.00,cash,paid
PAY0801,LEASE072,2026-06-07,1550.00,cash,paid
PAY0802,LEASE072,2026-07-07,1550.00,cash,paid
PAY0803,LEASE072,2026-08-07,1550.00,cash,paid
PAY0804,LEASE072,2026-09-07,1550.00,cash,pending
PAY0805,LEASE073,2025-12-07,700.00,bank_transfer,paid
PAY0806,LEASE073,2026-01-07,700.00,bank_transfer,paid
PAY0807,LEASE073,2026-02-07,700.00,bank_transfer,paid
PAY0808,LEASE073,2026-03-07,700.00,bank_transfer,paid
PAY0809,LEASE073,2026-04-07,700.00,cash,paid
PAY0810,LEASE073,2026-05-07,700.00,bank_transfer,paid
PAY0811,LEASE073,2026-06-07,700.00,bank_transfer,paid
PAY0812,LEASE073,2026-07-07,700.00,bank_transfer,paid
PAY0813,LEASE073,2026-08-07,700.00,cash,pending
PAY0814,LEASE073,2026-09-07,700.00,bank_transfer,paid
PAY0815,LEASE074,2025-12-07,2090.00,bank_transfer,paid
PAY0816,LEASE074,2026-01-07,2090.00,bank_transfer,paid
PAY0817,LEASE074,2026-02-07,2090.00,cheque,paid
PAY0818,LEASE074,2026-03-07,2090.00,bank_transfer,paid
PAY0819,LEASE074,2026-04-07,2090.00,bank_transfer,paid
PAY0820,LEASE074,2026-05-07,2090.00,bank_transfer,paid
PAY0821,LEASE074,2026-06-07,2090.00,bank_transfer,paid
PAY0822,LEASE074,2026-07-07,2090.00,bank_transfer,paid
PAY0823,LEASE074,2026-08-07,2090.00,bank_transfer,pending
PAY0824,LEASE074,2026-09-07,2090.00,bank_transfer,pending
PAY0825,LEASE075,2025-12-07,660.00,bank_transfer,paid
PAY0826,LEASE075,2026-01-07,660.00,bank_transfer,paid
PAY0827,LEASE075,2026-02-07,660.00,bank_transfer,paid
PAY0828,LEASE075,2026-03-07,660.00,bank_transfer,paid
PAY0829,LEASE075,2026-04-07,660.00,bank_transfer,paid
PAY0830,LEASE075,2026-05-07,660.00,bank_transfer,paid
PAY0831,LEASE075,2026-06-07,660.00,bank_transfer,paid
PAY0832,LEASE075,2026-07-07,660.00,bank_transfer,paid
PAY0833,LEASE075,2026-08-07,660.00,bank_transfer,paid
PAY0834,LEASE075,2026-09-07,660.00,cash,paid
PAY0835,LEASE076,2025-12-07,420.00,bank_transfer,paid
PAY0836,LEASE076,2026-01-07,420.00,bank_transfer,paid
PAY0837,LEASE076,2026-02-07,420.00,bank_transfer,paid
PAY0838,LEASE076,2026-03-07,420.00,bank_transfer,paid
PAY0839,LEASE076,2026-04-07,420.00,bank_transfer,paid
PAY0840,LEASE076,2026-05-07,420.00,bank_transfer,paid
PAY0841,LEASE076,2026-06-07,420.00,bank_transfer,paid
PAY0842,LEASE076,2026-07-07,420.00,bank_transfer,paid
PAY0843,LEASE076,2026-08-07,420.00,cash,paid
PAY0844,LEASE076,2026-09-07,420.00,bank_transfer,paid
PAY0845,LEASE077,2026-01-07,910.00,bank_transfer,paid
PAY0846,LEASE077,2026-02-07,910.00,bank_transfer,overdue
PAY0847,LEASE077,2026-03-07,910.00,bank_transfer,paid
PAY0848,LEASE077,2026-04-07,910.00,bank_transfer,overdue
PAY0849,LEASE077,2026-05-07,910.00,cheque,paid
PAY0850,LEASE077,2026-06-07,910.00,bank_transfer,paid
PAY0851,LEASE077,2026-07-07,910.00,bank_transfer,paid
PAY0852,LEASE077,2026-08-07,910.00,bank_transfer,paid
PAY0853,LEASE077,2026-09-07,910.00,bank_transfer,paid
PAY0854,LEASE078,2026-02-07,760.00,bank_transfer,paid
PAY0855,LEASE078,2026-03-07,760.00,bank_transfer,paid
PAY0856,LEASE078,2026-04-07,760.00,bank_transfer,paid
PAY0857,LEASE078,2026-05-07,760.00,bank_transfer,paid
PAY0858,LEASE078,2026-06-07,760.00,bank_transfer,paid
PAY0859,LEASE078,2026-07-07,760.00,bank_transfer,overdue
PAY0860,LEASE078,2026-08-07,760.00,bank_transfer,paid
PAY0861,LEASE078,2026-09-07,760.00,bank_transfer,paid
PAY0862,LEASE079,2026-03-07,670.00,bank_transfer,paid
PAY0863,LEASE079,2026-04-07,670.00,bank_transfer,paid
PAY0864,LEASE079,2026-05-07,670.00,bank_transfer,paid
PAY0865,LEASE079,2026-06-07,670.00,cheque,paid
PAY0866,LEASE079,2026-07-07,670.00,bank_transfer,paid
PAY0867,LEASE079,2026-08-07,670.00,bank_transfer,paid
PAY0868,LEASE079,2026-09-07,670.00,bank_transfer,paid
PAY0869,LEASE080,2026-03-07,730.00,cheque,paid
PAY0870,LEASE080,2026-04-07,730.00,cheque,paid
PAY0871,LEASE080,2026-05-07,730.00,cash,paid
PAY0872,LEASE080,2026-06-07,730.00,cheque,paid
PAY0873,LEASE080,2026-07-07,730.00,cheque,paid
PAY0874,LEASE080,2026-08-07,730.00,cheque,pending
PAY0875,LEASE080,2026-09-07,730.00,cheque,overdue
PAY0876,LEASE081,2026-03-07,400.00,cash,paid
PAY0877,LEASE081,2026-04-07,400.00,cash,paid
PAY0878,LEASE081,2026-05-07,400.00,bank_transfer,paid
PAY0879,LEASE081,2026-06-07,400.00,cash,paid
PAY0880,LEASE081,2026-07-07,400.00,cash,paid
PAY0881,LEASE081,2026-08-07,400.00,cash,paid
PAY0882,LEASE081,2026-09-07,400.00,bank_transfer,paid
PAY0883,LEASE082,2026-04-07,740.00,bank_transfer,paid
PAY0884,LEASE082,2026-05-07,740.00,bank_transfer,paid
PAY0885,LEASE082,2026-06-07,740.00,bank_transfer,paid
PAY0886,LEASE082,2026-07-07,740.00,bank_transfer,paid
PAY0887,LEASE082,2026-08-07,740.00,bank_transfer,paid
PAY0888,LEASE082,2026-09-07,740.00,cash,paid
PAY0889,LEASE083,2026-05-07,500.00,bank_transfer,paid
PAY0890,LEASE083,2026-06-07,500.00,bank_transfer,paid
PAY0891,LEASE083,2026-07-07,500.00,bank_transfer,paid
PAY0892,LEASE083,2026-08-07,500.00,bank_transfer,paid
PAY0893,LEASE083,2026-09-07,500.00,bank_transfer,overdue
PAY0894,LEASE084,2026-05-07,360.00,bank_transfer,paid
PAY0895,LEASE084,2026-06-07,360.00,bank_transfer,paid
PAY0896,LEASE084,2026-07-07,360.00,bank_transfer,paid
PAY0897,LEASE084,2026-08-07,360.00,bank_transfer,pending
PAY0898,LEASE084,2026-09-07,360.00,bank_transfer,overdue
PAY0899,LEASE085,2026-07-07,760.00,bank_transfer,paid
PAY0900,LEASE085,2026-08-07,760.00,bank_transfer,paid
PAY0901,LEASE085,2026-09-07,760.00,bank_transfer,overdue
PAY0902,LEASE086,2026-07-07,1310.00,bank_transfer,paid
PAY0903,LEASE086,2026-08-07,1310.00,bank_transfer,paid
PAY0904,LEASE086,2026-09-07,1310.00,bank_transfer,overdue
PAY0905,LEASE087,2026-07-07,380.00,bank_transfer,paid
PAY0906,LEASE087,2026-08-07,380.00,bank_transfer,paid
PAY0907,LEASE087,2026-09-07,380.00,bank_transfer,pending
PAY0908,LEASE088,2026-08-07,770.00,bank_transfer,paid
PAY0909,LEASE088,2026-09-07,770.00,bank_transfer,paid
PAY0910,LEASE089,2026-09-07,760.00,bank_transfer,paid
PAY0911,LEASE090,2026-09-07,590.00,bank_transfer,paid
PAY0912,LEASE091,2026-09-07,420.00,bank_transfer,paid
