TenantID,FirstName,LastName,Email,Phone,DOB,EmergencyContact
TEN001,Ashish,Dhakal,ashish.d@mail.com,0401000001,1995-08-12,Ram Dhakal 0401111111
TEN002,Priya,Sharma,priya.s@mail.com,0401000002,1993-04-25,Raj Sharma 0401222222
TEN003,Lucas,Green,lucas.g@mail.com,0401000003,1988-07-30,Anna Green 0401333333
TEN004,Min,Zhang,min.z@mail.com,0401000004,2000-01-15,Wei Zhang 0401444444
TEN005,Sophie,Taylor,sophie.t@mail.com,0401000005,1991-11-20,John Taylor 0401555555
TEN006,Adarsha,Luitel,adarsha.l@mail.com,0401000006,1997-03-08,Hari Luitel 0401666666
TEN007,Sujan,Gurung,sujan.g7@mail.com,0401000007,1968-08-09,Zoe Gurung 0464268470
TEN008,Oliver,Clarke,oliver.c8@mail.com,0401000008,1973-02-13,Charlotte Clarke 0428262879
TEN009,Jack,Thapa,jack.t9@mail.com,0401000009,1978-11-20,Emma Thapa 0448525286
TEN010,Ryan,Martin,ryan.m10@mail.com,0401000010,1966-05-12,Pooja Martin 0415603452
TEN011,Mia,Martin,mia.m11@mail.com,0401000011,1978-09-27,Zoe Martin 0482542538
TEN012,Sienna,Anderson,sienna.a12@mail.com,0401000012,1971-02-15,Carlos Anderson 0448784599
TEN013,James,Khan,james.k13@mail.com,0401000013,1986-06-05,Arjun Khan 0484765195
TEN014,Ruby,Smith,ruby.s14@mail.com,0401000014,1965-12-19,Daniel Smith 0441721086
TEN015,Olivia,Taylor,olivia.t15@mail.com,0401000015,1969-02-28,Hiroshi Taylor 0486167794
TEN016,Isla,Kumar,isla.k16@mail.com,0401000016,2002-05-12,Jack Kumar 0497283269
TEN017,Lucia,Young,lucia.y17@mail.com,0401000017,2002-11-21,Leo Young 0444558846
TEN018,Zoe,Hall,zoe.h18@mail.com,0401000018,1991-03-16,Ananya Hall 0487297520
TEN019,Lucia,Wilson,lucia.w19@mail.com,0401000019,1965-09-02,Samuel Wilson 0446147647
TEN020,Mia,Murphy,mia.m20@mail.com,0401000020,1997-07-02,Thomas Murphy 0420302680
TEN021,Zoe,Rai,zoe.r21@mail.com,0401000021,1969-07-01,Linh Rai 0455501120
TEN022,Charlotte,Ali,charlotte.a22@mail.com,0401000022,1993-10-09,Amelia Ali 0438810290
TEN023,Ella,Murphy,ella.m23@mail.com,0401000023,1998-12-25,Hannah Murphy 0449818657
TEN024,Bikash,White,bikash.w24@mail.com,0401000024,2002-07-27,Amelia White 0463684603
TEN025,Charlotte,Hall,charlotte.h25@mail.com,0401000025,1979-11-18,Ryan Hall 0466210551
TEN026,Maya,Nguyen,maya.n26@mail.com,0401000026,1969-01-13,Arjun Nguyen 0492592354
TEN027,Isla,King,isla.k27@mail.com,0401000027,1970-10-27,Lily King 0442713830
TEN028,Olivia,Clarke,olivia.c28@mail.com,0401000028,1995-08-15,Carlos Clarke 0478109384
TEN029,Chloe,Thompson,chloe.t29@mail.com,0401000029,1993-10-24,Joshua Thompson 0413326371
TEN030,Lucia,Rai,lucia.r30@mail.com,0401000030,1984-02-24,Amelia Rai 0433438711
TEN031,Sita,Khan,sita.k31@mail.com,0401000031,2000-04-10,Ruby Khan 0495139882
TEN032,Chloe,Young,chloe.y32@mail.com,0401000032,1984-09-24,Henry Young 0470638114
TEN033,Emma,Hall,emma.h33@mail.com,0401000033,1973-06-04,Mia Hall 0459811057
TEN034,James,Jones,james.j34@mail.com,0401000034,1993-11-12,Daniel Jones 0419235933
TEN035,Ella,White,ella.w35@mail.com,0401000035,2000-08-26,Ananya White 0452622638
TEN036,Nathan,White,nathan.w36@mail.com,0401000036,1985-07-01,Leo White 0460289808
TEN037,Maya,Wright,maya.w37@mail.com,0401000037,1998-09-01,Hannah Wright 0474729037
TEN038,Lily,Anderson,lily.a38@mail.com,0401000038,2000-06-13,Lily Anderson 0433187082
TEN039,Pooja,Murphy,pooja.m39@mail.com,0401000039,2003-04-28,Yuki Murphy 0475747898
TEN040,Hiroshi,Rossi,hiroshi.r40@mail.com,0401000040,1989-12-02,Linh Rossi 0494694563
TEN041,Jack,Taylor,jack.t41@mail.com,0401000041,1998-11-14,Olivia Taylor 0435951207
TEN042,Thomas,Anderson,thomas.a42@mail.com,0401000042,1986-05-02,Joshua Anderson 0411270138
TEN043,Bikash,Thapa,bikash.t43@mail.com,0401000043,1992-02-04,Sujan Thapa 0460564736
TEN044,Hannah,Walker,hannah.w44@mail.com,0401000044,1989-07-23,Jack Walker 0489847263
TEN045,Oliver,Rossi,oliver.r45@mail.com,0401000045,2001-12-14,Henry Rossi 0480485510
TEN046,James,Shrestha,james.s46@mail.com,0401000046,1981-11-21,Yuki Shrestha 0486969325
TEN047,Chloe,Gurung,chloe.g47@mail.com,0401000047,1986-07-02,William Gurung 0472362818
TEN048,Tran,Gurung,tran.g48@mail.com,0401000048,1987-02-26,Sienna Gurung 0478395488
TEN049,Kevin,Brown,kevin.b49@mail.com,0401000049,1969-03-03,Amelia Brown 0414902538
TEN050,Thomas,Brown,thomas.b50@mail.com,0401000050,1991-01-17,Noah Brown 0410543670
